{"v":"5.5.8","fr":30,"ip":0,"op":91,"w":83,"h":103,"nm":"Fiction","ddd":0,"assets":[],"layers":[{"ddd":0,"ind":1,"ty":4,"nm":"Layer 4","sr":1,"ks":{"o":{"a":0,"k":100,"ix":11},"r":{"a":0,"k":0,"ix":10},"p":{"a":0,"k":[48.458,24.487,0],"ix":2},"a":{"a":0,"k":[0,0,0],"ix":1},"s":{"a":0,"k":[11,11,100],"ix":6}},"ao":0,"shapes":[{"ty":"gr","it":[{"ind":0,"ty":"sh","ix":1,"ks":{"a":0,"k":{"i":[[0,0],[0,0]],"o":[[0,0],[0,0]],"v":[[-111.772,0],[18.874,-0.12]],"c":false},"ix":2},"nm":"Path 1","mn":"ADBE Vector Shape - Group","hd":false},{"ty":"st","c":{"a":0,"k":[0.82,0.98,0.9133,1],"ix":3},"o":{"a":0,"k":100,"ix":4},"w":{"a":0,"k":18,"ix":5},"lc":2,"lj":2,"bm":0,"nm":"Stroke 1","mn":"ADBE Vector Graphic - Stroke","hd":false},{"ty":"tr","p":{"a":0,"k":[0,0],"ix":2},"a":{"a":0,"k":[0,0],"ix":1},"s":{"a":0,"k":[100,100],"ix":3},"r":{"a":0,"k":0,"ix":6},"o":{"a":0,"k":100,"ix":7},"sk":{"a":0,"k":0,"ix":4},"sa":{"a":0,"k":0,"ix":5},"nm":"Transform"}],"nm":"Group 1","np":2,"cix":2,"bm":0,"ix":1,"mn":"ADBE Vector Group","hd":false},{"ty":"tm","s":{"a":1,"k":[{"i":{"x":[0.667],"y":[1]},"o":{"x":[0.333],"y":[0]},"t":141,"s":[0]},{"t":156,"s":[100]}],"ix":1},"e":{"a":1,"k":[{"i":{"x":[0.667],"y":[1]},"o":{"x":[0.333],"y":[0]},"t":26,"s":[0]},{"t":59,"s":[100]}],"ix":2},"o":{"a":0,"k":0,"ix":3},"m":1,"ix":2,"nm":"Trim Paths 1","mn":"ADBE Vector Filter - Trim","hd":false}],"ip":-24,"op":171,"st":11,"bm":0},{"ddd":0,"ind":2,"ty":4,"nm":"Layer 2","sr":1,"ks":{"o":{"a":0,"k":100,"ix":11},"r":{"a":0,"k":0,"ix":10},"p":{"a":0,"k":[48.458,18.619,0],"ix":2},"a":{"a":0,"k":[0,0,0],"ix":1},"s":{"a":0,"k":[11,11,100],"ix":6}},"ao":0,"shapes":[{"ty":"gr","it":[{"ind":0,"ty":"sh","ix":1,"ks":{"a":0,"k":{"i":[[0,0],[0,0]],"o":[[0,0],[0,0]],"v":[[-111.772,0],[111.772,0]],"c":false},"ix":2},"nm":"Path 1","mn":"ADBE Vector Shape - Group","hd":false},{"ty":"st","c":{"a":0,"k":[0.82,0.98,0.9133,1],"ix":3},"o":{"a":0,"k":100,"ix":4},"w":{"a":0,"k":18,"ix":5},"lc":2,"lj":2,"bm":0,"nm":"Stroke 1","mn":"ADBE Vector Graphic - Stroke","hd":false},{"ty":"tr","p":{"a":0,"k":[0,0],"ix":2},"a":{"a":0,"k":[0,0],"ix":1},"s":{"a":0,"k":[100,100],"ix":3},"r":{"a":0,"k":0,"ix":6},"o":{"a":0,"k":100,"ix":7},"sk":{"a":0,"k":0,"ix":4},"sa":{"a":0,"k":0,"ix":5},"nm":"Transform"}],"nm":"Group 1","np":2,"cix":2,"bm":0,"ix":1,"mn":"ADBE Vector Group","hd":false},{"ty":"tm","s":{"a":1,"k":[{"i":{"x":[0.667],"y":[1]},"o":{"x":[0.333],"y":[0]},"t":130,"s":[0]},{"t":145,"s":[100]}],"ix":1},"e":{"a":1,"k":[{"i":{"x":[0.667],"y":[1]},"o":{"x":[0.333],"y":[0]},"t":15,"s":[0]},{"t":48,"s":[100]}],"ix":2},"o":{"a":0,"k":0,"ix":3},"m":1,"ix":2,"nm":"Trim Paths 1","mn":"ADBE Vector Filter - Trim","hd":false}],"ip":0,"op":160,"st":0,"bm":0},{"ddd":0,"ind":3,"ty":4,"nm":"Layer 5 Outlines","sr":1,"ks":{"o":{"a":0,"k":100,"ix":11},"r":{"a":0,"k":0,"ix":10},"p":{"a":1,"k":[{"i":{"x":0.667,"y":1},"o":{"x":0.333,"y":0},"t":0,"s":[48.665,54.268,0],"to":[0,-0.417,0],"ti":[0,0,0]},{"i":{"x":0.667,"y":1},"o":{"x":0.333,"y":0},"t":43.5,"s":[48.665,51.768,0],"to":[0,0,0],"ti":[0,-0.417,0]},{"t":90,"s":[48.665,54.268,0]}],"ix":2},"a":{"a":0,"k":[18.441,19.323,0],"ix":1},"s":{"a":0,"k":[100,100,100],"ix":6}},"ao":0,"shapes":[{"ty":"gr","it":[{"ind":0,"ty":"sh","ix":1,"ks":{"a":0,"k":{"i":[[0,0],[0.175,-0.428],[0.403,-0.091],[0.012,0.624],[-0.015,1.001],[-0.647,0.015],[-0.04,-0.653],[0,-0.501]],"o":[[0,0.5],[-0.166,0.411],[-0.6,0.135],[-0.022,-1.001],[0.01,-0.621],[0.699,-0.018],[0.03,0.499],[0,0]],"v":[[0.96,-0.006],[0.921,1.479],[-0.094,2.457],[-1.074,1.472],[-1.079,-1.532],[-0.107,-2.574],[0.96,-1.508],[0.965,-0.006]],"c":true},"ix":2},"nm":"Path 1","mn":"ADBE Vector Shape - Group","hd":false},{"ty":"fl","c":{"a":0,"k":[0.667,0.973,0.8455,1],"ix":4},"o":{"a":0,"k":100,"ix":5},"r":1,"bm":0,"nm":"Fill 1","mn":"ADBE Vector Graphic - Fill","hd":false},{"ty":"tr","p":{"a":0,"k":[18.358,25.584],"ix":2},"a":{"a":0,"k":[0,0],"ix":1},"s":{"a":0,"k":[100,100],"ix":3},"r":{"a":0,"k":0,"ix":6},"o":{"a":0,"k":100,"ix":7},"sk":{"a":0,"k":0,"ix":4},"sa":{"a":0,"k":0,"ix":5},"nm":"Transform"}],"nm":"Group 1","np":2,"cix":2,"bm":0,"ix":1,"mn":"ADBE Vector Group","hd":false},{"ty":"gr","it":[{"ind":0,"ty":"sh","ix":1,"ks":{"a":0,"k":{"i":[[2.652,-0.002],[0.002,2.659],[-2.658,0],[-0.001,-2.647]],"o":[[-2.658,0.002],[-0.001,-2.657],[2.655,0],[0.001,2.641]],"v":[[-0.005,4.782],[-4.792,0.001],[-0.008,-4.784],[4.792,-0.002]],"c":true},"ix":2},"nm":"Path 1","mn":"ADBE Vector Shape - Group","hd":false},{"ty":"fl","c":{"a":0,"k":[0.667,0.973,0.8455,1],"ix":4},"o":{"a":0,"k":100,"ix":5},"r":1,"bm":0,"nm":"Fill 1","mn":"ADBE Vector Graphic - Fill","hd":false},{"ty":"tr","p":{"a":0,"k":[18.29,16.075],"ix":2},"a":{"a":0,"k":[0,0],"ix":1},"s":{"a":0,"k":[100,100],"ix":3},"r":{"a":0,"k":0,"ix":6},"o":{"a":0,"k":100,"ix":7},"sk":{"a":0,"k":0,"ix":4},"sa":{"a":0,"k":0,"ix":5},"nm":"Transform"}],"nm":"Group 2","np":2,"cix":2,"bm":0,"ix":2,"mn":"ADBE Vector Group","hd":false},{"ty":"gr","it":[{"ind":0,"ty":"sh","ix":1,"ks":{"a":0,"k":{"i":[[3.477,3.957],[1.098,-1.64],[0.157,-2.593],[0.099,-4.685],[-0.067,-0.109],[0,0],[0.009,1.029],[0.231,3.236]],"o":[[-1.217,1.65],[-1.45,2.166],[-0.285,4.673],[-0.001,0.056],[0,0],[0,-1.08],[-0.027,-3.251],[-0.375,-5.266]],"v":[[-0.121,-13.132],[-3.667,-8.293],[-6.414,-1.141],[-6.774,12.91],[-6.642,13.132],[6.673,13.132],[6.672,9.993],[6.544,0.244]],"c":true},"ix":2},"nm":"Path 1","mn":"ADBE Vector Shape - Group","hd":false},{"ty":"fl","c":{"a":0,"k":[0.3216,0.8,0.6,1],"ix":4},"o":{"a":0,"k":100,"ix":5},"r":1,"bm":0,"nm":"Fill 1","mn":"ADBE Vector Graphic - Fill","hd":false},{"ty":"tr","p":{"a":0,"k":[18.336,16.401],"ix":2},"a":{"a":0,"k":[0,0],"ix":1},"s":{"a":0,"k":[100,100],"ix":3},"r":{"a":0,"k":0,"ix":6},"o":{"a":0,"k":100,"ix":7},"sk":{"a":0,"k":0,"ix":4},"sa":{"a":0,"k":0,"ix":5},"nm":"Transform"}],"nm":"Group 3","np":2,"cix":2,"bm":0,"ix":3,"mn":"ADBE Vector Group","hd":false},{"ty":"gr","it":[{"ind":0,"ty":"sh","ix":1,"ks":{"a":0,"k":{"i":[[2.309,0],[-0.466,-0.643],[0.581,-1.088],[1.179,0.001],[6.07,-0.005],[0.528,1.1],[-0.739,0.963],[-0.61,0.804],[0,0],[0.514,0.107],[0.213,0.357],[-0.262,0.347],[-1.789,2.304],[-0.068,0.074],[-0.224,3.273],[-1.755,2.46],[-1.335,1.722],[-0.525,-0.685],[-1.245,-3.96],[-0.474,-2.115],[-0.337,-0.442],[-2.675,-3.44],[0.501,-0.594],[0.544,-0.017]],"o":[[0.629,0.832],[0.71,0.978],[-0.557,1.043],[-6.07,-0.005],[-1.227,0.002],[-0.526,-1.095],[0.462,-0.604],[0,0],[-0.536,0],[-0.477,-0.1],[-0.168,-0.282],[1.75,-2.331],[0.061,-0.079],[2.08,-2.288],[0.204,-2.983],[1.264,-1.773],[0.584,-0.753],[2.46,3.21],[0.648,2.058],[0.126,0.562],[2.642,3.466],[0.39,0.501],[-0.317,0.374],[-2.04,0.063]],"v":[[9.717,12.339],[11.303,14.44],[11.583,17.555],[8.947,19.072],[-9.262,19.071],[-11.943,17.465],[-11.557,14.353],[-10.027,12.339],[-15.113,12.339],[-16.717,12.315],[-18.022,11.664],[-17.699,10.352],[-12.352,3.427],[-12.163,3.192],[-8.445,-4.844],[-5.057,-13.02],[-1.109,-18.229],[0.648,-18.388],[7.206,-8.228],[8.59,-1.877],[9.204,-0.256],[17.211,10.08],[17.689,11.748],[16.111,12.314]],"c":true},"ix":2},"nm":"Path 1","mn":"ADBE Vector Shape - Group","hd":false},{"ty":"fl","c":{"a":0,"k":[0,0.3451,0.3176,1],"ix":4},"o":{"a":0,"k":100,"ix":5},"r":1,"bm":0,"nm":"Fill 1","mn":"ADBE Vector Graphic - Fill","hd":false},{"ty":"tr","p":{"a":0,"k":[18.441,19.323],"ix":2},"a":{"a":0,"k":[0,0],"ix":1},"s":{"a":0,"k":[100,100],"ix":3},"r":{"a":0,"k":0,"ix":6},"o":{"a":0,"k":100,"ix":7},"sk":{"a":0,"k":0,"ix":4},"sa":{"a":0,"k":0,"ix":5},"nm":"Transform"}],"nm":"Group 4","np":2,"cix":2,"bm":0,"ix":4,"mn":"ADBE Vector Group","hd":false}],"ip":0,"op":91,"st":0,"bm":0},{"ddd":0,"ind":4,"ty":4,"nm":"Layer 4 Outlines 2","sr":1,"ks":{"o":{"a":0,"k":100,"ix":11},"r":{"a":0,"k":0,"ix":10},"p":{"a":0,"k":[40.535,53.17,0],"ix":2},"a":{"a":0,"k":[39.007,46.608,0],"ix":1},"s":{"a":0,"k":[100,100,100],"ix":6}},"ao":0,"shapes":[{"ty":"gr","it":[{"ind":0,"ty":"sh","ix":1,"ks":{"a":0,"k":{"i":[[-4.596,0],[-4.629,0.004],[-0.003,2.205],[0.004,3.019],[2.226,0.001],[9.225,-0.005],[0.007,-2.233],[-0.01,-3.019],[-2.245,-0.002]],"o":[[4.629,0],[2.235,-0.002],[0.004,-3.019],[-0.002,-2.209],[-9.224,-0.006],[-2.246,0.001],[-0.01,3.019],[0.007,2.242],[4.596,0.005]],"v":[[-0.055,7.628],[13.833,7.628],[16.962,4.538],[16.962,-4.52],[13.842,-7.626],[-13.834,-7.627],[-16.956,-4.529],[-16.956,4.529],[-13.842,7.626]],"c":true},"ix":2},"nm":"Path 1","mn":"ADBE Vector Shape - Group","hd":false},{"ty":"fl","c":{"a":0,"k":[0.3216,0.8,0.6,1],"ix":4},"o":{"a":0,"k":100,"ix":5},"r":1,"bm":0,"nm":"Fill 1","mn":"ADBE Vector Graphic - Fill","hd":false},{"ty":"tr","p":{"a":0,"k":[47.055,16.087],"ix":2},"a":{"a":0,"k":[0,0],"ix":1},"s":{"a":0,"k":[100,100],"ix":3},"r":{"a":0,"k":0,"ix":6},"o":{"a":0,"k":100,"ix":7},"sk":{"a":0,"k":0,"ix":4},"sa":{"a":0,"k":0,"ix":5},"nm":"Transform"}],"nm":"Group 1","np":2,"cix":2,"bm":0,"ix":1,"mn":"ADBE Vector Group","hd":false},{"ty":"gr","it":[{"ind":0,"ty":"sh","ix":1,"ks":{"a":0,"k":{"i":[[4.766,0],[4.564,0.005],[0.005,3.31],[-0.011,3.087],[-3.126,0.004],[-9.329,-0.012],[-0.007,-3.136],[0.014,-3.188],[2.958,-0.015]],"o":[[-4.564,0],[-3.336,-0.004],[-0.006,-3.088],[0.011,-3.108],[9.329,-0.013],[3.153,0.003],[0.008,3.188],[-0.012,2.943],[-4.766,0.024]],"v":[[-0.131,9.717],[-13.823,9.716],[-19.021,4.559],[-19.02,-4.704],[-13.986,-9.723],[14.002,-9.723],[19.019,-4.715],[19.017,4.848],[14.165,9.712]],"c":true},"ix":2},"nm":"Path 1","mn":"ADBE Vector Shape - Group","hd":false},{"ty":"fl","c":{"a":0,"k":[0,0.3451,0.3176,1],"ix":4},"o":{"a":0,"k":100,"ix":5},"r":1,"bm":0,"nm":"Fill 1","mn":"ADBE Vector Graphic - Fill","hd":false},{"ty":"tr","p":{"a":0,"k":[47.038,16.095],"ix":2},"a":{"a":0,"k":[0,0],"ix":1},"s":{"a":0,"k":[100,100],"ix":3},"r":{"a":0,"k":0,"ix":6},"o":{"a":0,"k":100,"ix":7},"sk":{"a":0,"k":0,"ix":4},"sa":{"a":0,"k":0,"ix":5},"nm":"Transform"}],"nm":"Group 2","np":2,"cix":2,"bm":0,"ix":2,"mn":"ADBE Vector Group","hd":false},{"ty":"gr","it":[{"ind":0,"ty":"sh","ix":1,"ks":{"a":0,"k":{"i":[[1.716,-0.064],[1.94,0.086],[-0.057,1.681],[-1.704,0.073],[-0.972,0],[0,0],[-0.903,-0.04],[-0.023,-1.68]],"o":[[-1.941,0.073],[-1.724,-0.077],[0.056,-1.649],[0.971,-0.041],[0,0],[0.905,0],[1.767,0.079],[0.023,1.655]],"v":[[-27.743,-23.202],[-33.572,-23.209],[-36.495,-26.443],[-33.458,-29.454],[-30.542,-29.461],[-30.542,-29.458],[-27.827,-29.451],[-24.743,-26.382]],"c":true},"ix":2},"nm":"Path 2","mn":"ADBE Vector Shape - Group","hd":false},{"ind":1,"ty":"sh","ix":2,"ks":{"a":0,"k":{"i":[[1.96,-0.05],[0.838,0],[0.871,0.033],[0.01,1.759],[-1.881,0.053],[-1.743,-0.049],[0.022,-1.78]],"o":[[-0.838,0.02],[-0.872,-0.002],[-1.895,-0.074],[-0.01,-1.752],[1.742,-0.048],[1.965,0.056],[-0.022,1.78]],"v":[[-28.122,3.163],[-30.637,3.167],[-33.253,3.159],[-36.495,0.012],[-33.279,-3.161],[-28.048,-3.161],[-24.743,0.029]],"c":true},"ix":2},"nm":"Path 3","mn":"ADBE Vector Shape - Group","hd":false},{"ind":2,"ty":"sh","ix":3,"ks":{"a":0,"k":{"i":[[1.756,-0.072],[0.939,0],[0.937,0.041],[-0.003,1.683],[-1.738,0.058],[-1.875,-0.052],[0.024,-1.701]],"o":[[-0.937,0.038],[-0.938,-0.002],[-1.741,-0.078],[0.002,-1.694],[1.875,-0.062],[1.773,0.049],[-0.023,1.681]],"v":[[-27.829,29.448],[-30.645,29.454],[-33.46,29.446],[-36.495,26.331],[-33.475,23.189],[-27.844,23.184],[-24.743,26.372]],"c":true},"ix":2},"nm":"Path 4","mn":"ADBE Vector Shape - Group","hd":false},{"ty":"mm","mm":1,"nm":"Merge Paths 1","mn":"ADBE Vector Filter - Merge","hd":false},{"ty":"fl","c":{"a":0,"k":[0.0627,0.5216,0.4941,1],"ix":4},"o":{"a":0,"k":100,"ix":5},"r":1,"bm":0,"nm":"Fill 1","mn":"ADBE Vector Graphic - Fill","hd":false},{"ty":"tr","p":{"a":0,"k":[39.007,46.608],"ix":2},"a":{"a":0,"k":[0,0],"ix":1},"s":{"a":0,"k":[100,100],"ix":3},"r":{"a":0,"k":0,"ix":6},"o":{"a":0,"k":100,"ix":7},"sk":{"a":0,"k":0,"ix":4},"sa":{"a":0,"k":0,"ix":5},"nm":"Transform"}],"nm":"Group 3","np":5,"cix":2,"bm":0,"ix":3,"mn":"ADBE Vector Group","hd":false},{"ty":"gr","it":[{"ind":0,"ty":"sh","ix":1,"ks":{"a":0,"k":{"i":[[-4.564,0],[-4.766,0.024],[-0.012,2.943],[0.008,3.188],[3.153,0.003],[9.329,-0.013],[0.011,-3.108],[-0.006,-3.088],[-3.336,-0.004]],"o":[[4.766,0],[2.958,-0.015],[0.014,-3.188],[-0.007,-3.136],[-9.329,-0.012],[-3.126,0.004],[-0.011,3.087],[0.005,3.31],[4.564,0.005]],"v":[[-0.131,9.717],[14.165,9.712],[19.017,4.848],[19.019,-4.715],[14.002,-9.723],[-13.986,-9.723],[-19.02,-4.704],[-19.021,4.559],[-13.823,9.716]],"c":true},"ix":2},"nm":"Path 1","mn":"ADBE Vector Shape - Group","hd":false},{"ty":"fl","c":{"a":0,"k":[0.667,0.973,0.8455,1],"ix":4},"o":{"a":0,"k":100,"ix":5},"r":1,"bm":0,"nm":"Fill 1","mn":"ADBE Vector Graphic - Fill","hd":false},{"ty":"tr","p":{"a":0,"k":[47.038,16.095],"ix":2},"a":{"a":0,"k":[0,0],"ix":1},"s":{"a":0,"k":[100,100],"ix":3},"r":{"a":0,"k":0,"ix":6},"o":{"a":0,"k":100,"ix":7},"sk":{"a":0,"k":0,"ix":4},"sa":{"a":0,"k":0,"ix":5},"nm":"Transform"}],"nm":"Group 4","np":2,"cix":2,"bm":0,"ix":4,"mn":"ADBE Vector Group","hd":false},{"ty":"gr","it":[{"ind":0,"ty":"sh","ix":1,"ks":{"a":0,"k":{"i":[[0.012,-0.22],[1.084,-0.152],[0.141,0.165],[2.392,-0.172],[0.204,0.21],[1.879,0.124],[0.134,0.24],[2.693,0.496],[0.251,0.079],[-0.002,0.869],[0.798,-0.023],[-0.002,-0.691],[0.388,-0.596],[0.74,-0.272],[1.029,-1.759],[0.339,-0.026],[1.324,-1.403],[0.245,0.026],[1.589,-2.079],[1.259,0.179],[0,0],[0,0],[-14.795,-0.001],[0,-2.448],[0.002,-24.961]],"o":[[-1.187,0.211],[-0.194,0.028],[-1.593,-1.862],[-0.315,0.022],[-1.343,-1.377],[-0.304,-0.019],[-1.353,-2.432],[-0.192,-0.036],[0,-0.878],[0.002,-0.741],[-0.752,0.024],[0.002,0.837],[-0.334,0.514],[-1.891,0.696],[-0.175,0.3],[-1.876,0.144],[-0.172,0.182],[-2.679,-0.277],[-1.262,-0.179],[0,0],[0,0],[14.795,0],[2.463,0],[0.004,24.96],[0,0.324]],"v":[[24.448,39.307],[21.1,39.882],[20.473,39.58],[14.449,37.222],[13.495,36.939],[8.63,34.838],[7.764,34.394],[1.635,30.119],[1.008,29.924],[1.008,27.308],[-0.081,26.041],[-1.055,27.312],[-1.187,29.767],[-3.35,30.557],[-7.745,34.206],[-8.701,34.828],[-13.555,36.947],[-14.316,37.246],[-20.79,39.882],[-24.495,39.355],[-24.495,-39.91],[-23.404,-39.91],[20.98,-39.909],[24.491,-36.443],[24.492,38.438]],"c":true},"ix":2},"nm":"Path 1","mn":"ADBE Vector Shape - Group","hd":false},{"ty":"fl","c":{"a":0,"k":[0.667,0.973,0.8455,1],"ix":4},"o":{"a":0,"k":100,"ix":5},"r":1,"bm":0,"nm":"Fill 1","mn":"ADBE Vector Graphic - Fill","hd":false},{"ty":"tr","p":{"a":0,"k":[47.088,42.214],"ix":2},"a":{"a":0,"k":[0,0],"ix":1},"s":{"a":0,"k":[100,100],"ix":3},"r":{"a":0,"k":0,"ix":6},"o":{"a":0,"k":100,"ix":7},"sk":{"a":0,"k":0,"ix":4},"sa":{"a":0,"k":0,"ix":5},"nm":"Transform"}],"nm":"Group 5","np":2,"cix":2,"bm":0,"ix":5,"mn":"ADBE Vector Group","hd":false}],"ip":0,"op":91,"st":0,"bm":0},{"ddd":0,"ind":5,"ty":4,"nm":"Layer 4 Outlines","sr":1,"ks":{"o":{"a":0,"k":100,"ix":11},"r":{"a":0,"k":0,"ix":10},"p":{"a":0,"k":[40.535,53.17,0],"ix":2},"a":{"a":0,"k":[39.007,46.608,0],"ix":1},"s":{"a":0,"k":[100,100,100],"ix":6}},"ao":0,"shapes":[{"ty":"gr","it":[{"ind":0,"ty":"sh","ix":1,"ks":{"a":0,"k":{"i":[[-4.596,0],[-4.629,0.004],[-0.003,2.205],[0.004,3.019],[2.226,0.001],[9.225,-0.005],[0.007,-2.233],[-0.01,-3.019],[-2.245,-0.002]],"o":[[4.629,0],[2.235,-0.002],[0.004,-3.019],[-0.002,-2.209],[-9.224,-0.006],[-2.246,0.001],[-0.01,3.019],[0.007,2.242],[4.596,0.005]],"v":[[-0.055,7.628],[13.833,7.628],[16.962,4.538],[16.962,-4.52],[13.842,-7.626],[-13.834,-7.627],[-16.956,-4.529],[-16.956,4.529],[-13.842,7.626]],"c":true},"ix":2},"nm":"Path 1","mn":"ADBE Vector Shape - Group","hd":false},{"ty":"fl","c":{"a":0,"k":[0.3216,0.8,0.6,1],"ix":4},"o":{"a":0,"k":100,"ix":5},"r":1,"bm":0,"nm":"Fill 1","mn":"ADBE Vector Graphic - Fill","hd":false},{"ty":"tr","p":{"a":0,"k":[47.055,16.087],"ix":2},"a":{"a":0,"k":[0,0],"ix":1},"s":{"a":0,"k":[100,100],"ix":3},"r":{"a":0,"k":0,"ix":6},"o":{"a":0,"k":100,"ix":7},"sk":{"a":0,"k":0,"ix":4},"sa":{"a":0,"k":0,"ix":5},"nm":"Transform"}],"nm":"Group 1","np":2,"cix":2,"bm":0,"ix":1,"mn":"ADBE Vector Group","hd":false},{"ty":"gr","it":[{"ind":0,"ty":"sh","ix":1,"ks":{"a":0,"k":{"i":[[4.766,0],[4.564,0.005],[0.005,3.31],[-0.011,3.087],[-3.126,0.004],[-9.329,-0.012],[-0.007,-3.136],[0.014,-3.188],[2.958,-0.015]],"o":[[-4.564,0],[-3.336,-0.004],[-0.006,-3.088],[0.011,-3.108],[9.329,-0.013],[3.153,0.003],[0.008,3.188],[-0.012,2.943],[-4.766,0.024]],"v":[[-0.131,9.717],[-13.823,9.716],[-19.021,4.559],[-19.02,-4.704],[-13.986,-9.723],[14.002,-9.723],[19.019,-4.715],[19.017,4.848],[14.165,9.712]],"c":true},"ix":2},"nm":"Path 1","mn":"ADBE Vector Shape - Group","hd":false},{"ty":"fl","c":{"a":0,"k":[0,0.3451,0.3176,1],"ix":4},"o":{"a":0,"k":100,"ix":5},"r":1,"bm":0,"nm":"Fill 1","mn":"ADBE Vector Graphic - Fill","hd":false},{"ty":"tr","p":{"a":0,"k":[47.038,16.095],"ix":2},"a":{"a":0,"k":[0,0],"ix":1},"s":{"a":0,"k":[100,100],"ix":3},"r":{"a":0,"k":0,"ix":6},"o":{"a":0,"k":100,"ix":7},"sk":{"a":0,"k":0,"ix":4},"sa":{"a":0,"k":0,"ix":5},"nm":"Transform"}],"nm":"Group 2","np":2,"cix":2,"bm":0,"ix":2,"mn":"ADBE Vector Group","hd":false},{"ty":"gr","it":[{"ind":0,"ty":"sh","ix":1,"ks":{"a":0,"k":{"i":[[2.116,-0.208],[0.368,0],[7.648,0],[7.747,0.072],[0.889,0.547],[-1.949,1.405],[-1.75,-0.809],[-0.658,1.189],[-1.993,-0.473],[-0.643,0.908],[-1.631,-0.219],[-0.351,1.001],[-2.757,0.029],[-0.846,-2.337],[-1.045,0.13],[-1.04,-1.555],[-0.689,0.155],[-1.399,-2.286],[-0.716,0.242],[-0.991,-0.027],[0.012,-1.84]],"o":[[-0.366,0.036],[-7.648,0.002],[-7.747,0],[-1.048,-0.009],[-2.042,-1.256],[1.576,-1.137],[1.278,0.591],[0.905,-1.639],[1.012,0.239],[0.972,-1.372],[0.993,0.133],[0.81,-2.307],[2.792,-0.029],[0.37,1.023],[1.793,-0.225],[0.392,0.586],[2.597,-0.584],[0.412,0.674],[0.961,-0.325],[2.188,0.06],[-0.014,1.77]],"v":[[32.122,44.271],[31.018,44.294],[8.076,44.295],[-15.167,44.257],[-18.279,43.382],[-18.37,38.077],[-13.324,37.674],[-11.197,37.034],[-6.37,34.995],[-4.083,34.183],[0.025,32.611],[1.902,31.473],[7.967,27.609],[14.157,31.426],[16.105,32.612],[20.454,34.525],[22.007,35.074],[27.477,37.432],[29.104,37.87],[32.087,37.236],[35.893,40.758]],"c":true},"ix":2},"nm":"Path 1","mn":"ADBE Vector Shape - Group","hd":false},{"ind":1,"ty":"sh","ix":2,"ks":{"a":0,"k":{"i":[[1.716,-0.064],[1.94,0.086],[-0.057,1.681],[-1.704,0.073],[-0.972,0],[0,0],[-0.903,-0.04],[-0.023,-1.68]],"o":[[-1.941,0.073],[-1.724,-0.077],[0.056,-1.649],[0.971,-0.041],[0,0],[0.905,0],[1.767,0.079],[0.023,1.655]],"v":[[-27.743,-23.202],[-33.572,-23.209],[-36.495,-26.443],[-33.458,-29.454],[-30.542,-29.461],[-30.542,-29.458],[-27.827,-29.451],[-24.743,-26.382]],"c":true},"ix":2},"nm":"Path 2","mn":"ADBE Vector Shape - Group","hd":false},{"ind":2,"ty":"sh","ix":3,"ks":{"a":0,"k":{"i":[[1.96,-0.05],[0.838,0],[0.871,0.033],[0.01,1.759],[-1.881,0.053],[-1.743,-0.049],[0.022,-1.78]],"o":[[-0.838,0.02],[-0.872,-0.002],[-1.895,-0.074],[-0.01,-1.752],[1.742,-0.048],[1.965,0.056],[-0.022,1.78]],"v":[[-28.122,3.163],[-30.637,3.167],[-33.253,3.159],[-36.495,0.012],[-33.279,-3.161],[-28.048,-3.161],[-24.743,0.029]],"c":true},"ix":2},"nm":"Path 3","mn":"ADBE Vector Shape - Group","hd":false},{"ind":3,"ty":"sh","ix":4,"ks":{"a":0,"k":{"i":[[1.756,-0.072],[0.939,0],[0.937,0.041],[-0.003,1.683],[-1.738,0.058],[-1.875,-0.052],[0.024,-1.701]],"o":[[-0.937,0.038],[-0.938,-0.002],[-1.741,-0.078],[0.002,-1.694],[1.875,-0.062],[1.773,0.049],[-0.023,1.681]],"v":[[-27.829,29.448],[-30.645,29.454],[-33.46,29.446],[-36.495,26.331],[-33.475,23.189],[-27.844,23.184],[-24.743,26.372]],"c":true},"ix":2},"nm":"Path 4","mn":"ADBE Vector Shape - Group","hd":false},{"ind":4,"ty":"sh","ix":5,"ks":{"a":0,"k":{"i":[[0,0],[0,0],[-14.794,0],[0,-2.447],[0.002,-24.96],[0.012,-0.22],[1.084,-0.153],[0.14,0.165],[2.392,-0.172],[0.204,0.21],[1.879,0.124],[0.133,0.24],[2.692,0.496],[0.251,0.079],[-0.002,0.869],[0.798,-0.023],[-0.002,-0.69],[0.388,-0.597],[0.741,-0.273],[1.028,-1.76],[0.34,-0.026],[1.323,-1.402],[0.244,0.025],[1.589,-2.079],[1.259,0.179]],"o":[[0,0],[14.795,0],[2.463,0.001],[0.004,24.961],[0,0.325],[-1.187,0.211],[-0.195,0.027],[-1.594,-1.862],[-0.315,0.022],[-1.343,-1.377],[-0.304,-0.02],[-1.353,-2.432],[-0.193,-0.035],[0,-0.878],[0.003,-0.742],[-0.752,0.023],[0.002,0.837],[-0.334,0.513],[-1.891,0.696],[-0.175,0.3],[-1.876,0.144],[-0.173,0.183],[-2.68,-0.277],[-1.262,-0.18],[0,0]],"v":[[-16.413,-44.303],[-15.322,-44.303],[29.061,-44.303],[32.572,-40.838],[32.572,34.044],[32.529,34.913],[29.182,35.489],[28.555,35.187],[22.529,32.829],[21.577,32.545],[16.71,30.445],[15.846,30.001],[9.717,25.725],[9.089,25.531],[9.089,22.915],[8.001,21.648],[7.027,22.918],[6.895,25.374],[4.732,26.163],[0.338,29.812],[-0.62,30.435],[-5.473,32.553],[-6.234,32.853],[-12.708,35.489],[-16.413,34.961]],"c":true},"ix":2},"nm":"Path 5","mn":"ADBE Vector Shape - Group","hd":false},{"ind":5,"ty":"sh","ix":6,"ks":{"a":0,"k":{"i":[[3.134,2.118],[-0.001,0.822],[0.003,25.168],[3.359,0.002],[18.557,-0.007],[0.017,-3.368],[0,-2.752],[0,-0.394],[0.758,-0.106],[-0.188,-2.63],[-2.774,-0.048],[-0.558,0],[0,0],[0.109,-3.195],[-0.81,-1.005],[-2.18,0.157],[0,0],[1.381,-1.061],[0.052,-1.708],[-0.821,-0.997],[-2.219,0.076],[-0.001,-0.358],[-0.033,-2.853],[-2.294,-0.509],[-0.668,-0.001],[-18.859,0.001],[-0.435,0.017],[-1.097,0.837]],"o":[[-0.707,-0.479],[0.022,-25.168],[0,-3.415],[-18.556,-0.006],[-3.337,0.002],[-0.013,2.752],[-0.001,0.361],[-0.882,0.056],[-2.712,0.382],[0.198,2.785],[0.557,0.01],[0,0],[-4.71,0.415],[-0.044,1.285],[1.464,1.816],[0,0],[-1.681,-0.02],[-1.364,1.048],[-0.04,1.284],[1.46,1.771],[0,0.443],[0,2.853],[0.03,2.518],[0.645,0.144],[18.859,0.006],[0.436,0],[1.382,-0.055],[3.008,-2.296]],"v":[[35.555,36.359],[34.632,34.59],[34.647,-40.913],[29.32,-46.351],[-26.35,-46.351],[-31.648,-41.007],[-31.65,-32.751],[-31.65,-31.635],[-34.062,-31.471],[-38.568,-26.061],[-33.413,-21.143],[-31.74,-21.141],[-31.74,-5.29],[-38.568,-0.167],[-37.397,3.283],[-31.725,5.202],[-31.725,21.118],[-36.41,22.105],[-38.566,26.24],[-37.348,29.671],[-31.65,31.568],[-31.65,32.73],[-31.641,41.288],[-27.859,46.214],[-25.859,46.34],[30.718,46.344],[32.027,46.325],[35.749,44.978]],"c":true},"ix":2},"nm":"Path 6","mn":"ADBE Vector Shape - Group","hd":false},{"ty":"mm","mm":1,"nm":"Merge Paths 1","mn":"ADBE Vector Filter - Merge","hd":false},{"ty":"fl","c":{"a":0,"k":[0,0.3451,0.3176,1],"ix":4},"o":{"a":0,"k":100,"ix":5},"r":1,"bm":0,"nm":"Fill 1","mn":"ADBE Vector Graphic - Fill","hd":false},{"ty":"tr","p":{"a":0,"k":[39.007,46.608],"ix":2},"a":{"a":0,"k":[0,0],"ix":1},"s":{"a":0,"k":[100,100],"ix":3},"r":{"a":0,"k":0,"ix":6},"o":{"a":0,"k":100,"ix":7},"sk":{"a":0,"k":0,"ix":4},"sa":{"a":0,"k":0,"ix":5},"nm":"Transform"}],"nm":"Group 3","np":8,"cix":2,"bm":0,"ix":3,"mn":"ADBE Vector Group","hd":false},{"ty":"gr","it":[{"ind":0,"ty":"sh","ix":1,"ks":{"a":0,"k":{"i":[[-4.564,0],[-4.766,0.024],[-0.012,2.943],[0.008,3.188],[3.153,0.003],[9.329,-0.013],[0.011,-3.108],[-0.006,-3.088],[-3.336,-0.004]],"o":[[4.766,0],[2.958,-0.015],[0.014,-3.188],[-0.007,-3.136],[-9.329,-0.012],[-3.126,0.004],[-0.011,3.087],[0.005,3.31],[4.564,0.005]],"v":[[-0.131,9.717],[14.165,9.712],[19.017,4.848],[19.019,-4.715],[14.002,-9.723],[-13.986,-9.723],[-19.02,-4.704],[-19.021,4.559],[-13.823,9.716]],"c":true},"ix":2},"nm":"Path 1","mn":"ADBE Vector Shape - Group","hd":false},{"ty":"fl","c":{"a":0,"k":[0.667,0.973,0.8455,1],"ix":4},"o":{"a":0,"k":100,"ix":5},"r":1,"bm":0,"nm":"Fill 1","mn":"ADBE Vector Graphic - Fill","hd":false},{"ty":"tr","p":{"a":0,"k":[47.038,16.095],"ix":2},"a":{"a":0,"k":[0,0],"ix":1},"s":{"a":0,"k":[100,100],"ix":3},"r":{"a":0,"k":0,"ix":6},"o":{"a":0,"k":100,"ix":7},"sk":{"a":0,"k":0,"ix":4},"sa":{"a":0,"k":0,"ix":5},"nm":"Transform"}],"nm":"Group 4","np":2,"cix":2,"bm":0,"ix":4,"mn":"ADBE Vector Group","hd":false},{"ty":"gr","it":[{"ind":0,"ty":"sh","ix":1,"ks":{"a":0,"k":{"i":[[0.012,-0.22],[1.084,-0.152],[0.141,0.165],[2.392,-0.172],[0.204,0.21],[1.879,0.124],[0.134,0.24],[2.693,0.496],[0.251,0.079],[-0.002,0.869],[0.798,-0.023],[-0.002,-0.691],[0.388,-0.596],[0.74,-0.272],[1.029,-1.759],[0.339,-0.026],[1.324,-1.403],[0.245,0.026],[1.589,-2.079],[1.259,0.179],[0,0],[0,0],[-14.795,-0.001],[0,-2.448],[0.002,-24.961]],"o":[[-1.187,0.211],[-0.194,0.028],[-1.593,-1.862],[-0.315,0.022],[-1.343,-1.377],[-0.304,-0.019],[-1.353,-2.432],[-0.192,-0.036],[0,-0.878],[0.002,-0.741],[-0.752,0.024],[0.002,0.837],[-0.334,0.514],[-1.891,0.696],[-0.175,0.3],[-1.876,0.144],[-0.172,0.182],[-2.679,-0.277],[-1.262,-0.179],[0,0],[0,0],[14.795,0],[2.463,0],[0.004,24.96],[0,0.324]],"v":[[24.448,39.307],[21.1,39.882],[20.473,39.58],[14.449,37.222],[13.495,36.939],[8.63,34.838],[7.764,34.394],[1.635,30.119],[1.008,29.924],[1.008,27.308],[-0.081,26.041],[-1.055,27.312],[-1.187,29.767],[-3.35,30.557],[-7.745,34.206],[-8.701,34.828],[-13.555,36.947],[-14.316,37.246],[-20.79,39.882],[-24.495,39.355],[-24.495,-39.91],[-23.404,-39.91],[20.98,-39.909],[24.491,-36.443],[24.492,38.438]],"c":true},"ix":2},"nm":"Path 1","mn":"ADBE Vector Shape - Group","hd":false},{"ty":"fl","c":{"a":0,"k":[0.667,0.973,0.8455,1],"ix":4},"o":{"a":0,"k":100,"ix":5},"r":1,"bm":0,"nm":"Fill 1","mn":"ADBE Vector Graphic - Fill","hd":false},{"ty":"tr","p":{"a":0,"k":[47.088,42.214],"ix":2},"a":{"a":0,"k":[0,0],"ix":1},"s":{"a":0,"k":[100,100],"ix":3},"r":{"a":0,"k":0,"ix":6},"o":{"a":0,"k":100,"ix":7},"sk":{"a":0,"k":0,"ix":4},"sa":{"a":0,"k":0,"ix":5},"nm":"Transform"}],"nm":"Group 5","np":2,"cix":2,"bm":0,"ix":5,"mn":"ADBE Vector Group","hd":false}],"ip":0,"op":91,"st":0,"bm":0},{"ddd":0,"ind":6,"ty":4,"nm":"c Outlines","sr":1,"ks":{"o":{"a":0,"k":100,"ix":11},"r":{"a":0,"k":0,"ix":10},"p":{"a":0,"k":[47.5,88.5,0],"ix":2},"a":{"a":0,"k":[46.5,49,0],"ix":1},"s":{"a":0,"k":[102,102,100],"ix":6}},"ao":0,"shapes":[{"ty":"gr","it":[{"ind":0,"ty":"sh","ix":1,"ks":{"a":0,"k":{"i":[[2.258,-0.223],[0.394,0],[8.161,0],[8.268,0.077],[0.948,0.583],[-2.081,1.5],[-1.869,-0.864],[-0.702,1.27],[-2.127,-0.504],[-0.686,0.97],[-1.74,-0.234],[-0.375,1.069],[-2.942,0.031],[-0.903,-2.494],[-1.116,0.14],[-1.11,-1.66],[-0.734,0.165],[-1.493,-2.439],[-0.765,0.258],[-1.058,-0.029],[0.015,-1.965]],"o":[[-0.391,0.038],[-8.161,0.001],[-8.269,0],[-1.12,-0.01],[-2.18,-1.341],[1.681,-1.213],[1.363,0.631],[0.966,-1.747],[1.08,0.255],[1.037,-1.464],[1.059,0.142],[0.865,-2.462],[2.979,-0.031],[0.396,1.091],[1.914,-0.239],[0.418,0.626],[2.772,-0.623],[0.439,0.72],[1.026,-0.348],[2.336,0.065],[-0.013,1.889]],"v":[[25.967,8.877],[24.786,8.901],[0.303,8.902],[-24.501,8.861],[-27.824,7.928],[-27.921,2.266],[-24.496,0.365],[-18.367,0.722],[-15.113,-1.023],[-12.673,-1.891],[-8.288,-3.568],[-6.285,-4.783],[0.187,-8.907],[6.793,-4.831],[8.872,-3.568],[13.514,-1.524],[15.171,-0.939],[21.008,1.577],[22.745,2.045],[25.93,1.368],[29.99,5.127]],"c":true},"ix":2},"nm":"Path 1","mn":"ADBE Vector Shape - Group","hd":false},{"ty":"fl","c":{"a":0,"k":[0.3216,0.8,0.6,1],"ix":4},"o":{"a":0,"k":100,"ix":5},"r":1,"bm":0,"nm":"Fill 1","mn":"ADBE Vector Graphic - Fill","hd":false},{"ty":"tr","p":{"a":0,"k":[46.418,49.016],"ix":2},"a":{"a":0,"k":[0,0],"ix":1},"s":{"a":0,"k":[100,100],"ix":3},"r":{"a":0,"k":0,"ix":6},"o":{"a":0,"k":100,"ix":7},"sk":{"a":0,"k":0,"ix":4},"sa":{"a":0,"k":0,"ix":5},"nm":"Transform"}],"nm":"Group 1","np":2,"cix":2,"bm":0,"ix":1,"mn":"ADBE Vector Group","hd":false}],"ip":0,"op":91,"st":0,"bm":0}],"markers":[]}